use clients;

delete from clientsoftware where cem !="";
delete from address where cem!="";
delete from corpclient where cem!="";

insert into corpclient values('KateAbbott@gmail.com','Kate','Abbott',4);
insert into corpclient values('KileAggot@gmail.com','Kile','Aggot',4);
insert into corpclient values('SebastianAlias@gmail.com','Sebastian','Alias',4);
insert into corpclient values('CaisseAnna@gmail.com','Caisse','Anna',3);
insert into corpclient values('ZenAntonitii@gmail.com','Zen','Antonitii',2);
insert into corpclient values('JoanArc@gmail.com','Joan','Arc',4);
insert into corpclient values('JenniferAtrast@gmail.com','Jennifer','Atrast',2);
insert into corpclient values('MarcBartalone@gmail.com','Marc','Bartalone',4);
insert into corpclient values('SteveBates@gmail.com','Steve','Bates',2);
insert into corpclient values('JordanBerkowitz@gmail.com','Jordan','Berkowitz',4);
insert into corpclient values('Taylor C.Bigam@gmail.com','Taylor C.','Bigam',3);
insert into corpclient values('BigBird@gmail.com','Big','Bird',1);
insert into corpclient values('RobBob@gmail.com','Rob','Bob',3);
insert into corpclient values('JamesBoiben@gmail.com','James','Boiben',3);
insert into corpclient values('HubertBowtie@gmail.com','Hubert','Bowtie',2);
insert into corpclient values('JohnBrown@gmail.com','John','Brown',2);
insert into corpclient values('EasterBunny@gmail.com','Easter','Bunny',1);
insert into corpclient values('FrankCanovatchel@gmail.com','Frank','Canovatchel',2);
insert into corpclient values('JesusChrist@gmail.com','Jesus','Christ',4);
insert into corpclient values('SantaClause@gmail.com','Santa','Clause',2);
insert into corpclient values('SantaClaws@gmail.com','Santa','Claws',2);
insert into corpclient values('LukeColletti@gmail.com','Luke','Colletti',3);
insert into corpclient values('AlmaConway@gmail.com','Alma','Conway',2);
insert into corpclient values('AgentCoulson@gmail.com','Agent','Coulson',4);
insert into corpclient values('BobCross@gmail.com','Bob','Cross',3);
insert into corpclient values('MarieCurrie@gmail.com','Marie','Currie',2);
insert into corpclient values('FlowerDaisy@gmail.com','Flower','Daisy',2);
insert into corpclient values('JackDaniels@gmail.com','Jack','Daniels',4);
insert into corpclient values('BrianneDeVincent@gmail.com','Brianne','DeVincent',2);
insert into corpclient values('JohnDoe@gmail.com','John','Doe',1);
insert into corpclient values('FosterDood@gmail.com','Foster','Dood',1);
insert into corpclient values('DudleeDudders@gmail.com','Dudlee','Dudders',3);
insert into corpclient values('DumberDumb@gmail.com','Dumber','Dumb',4);
insert into corpclient values('AlbertEinstein@gmail.com','Albert','Einstein',1);
insert into corpclient values('BethuneEmily@gmail.com','Bethune','Emily',1);
insert into corpclient values('OlivaresEric@gmail.com','Olivares','Eric',1);
insert into corpclient values('JohnEvans@gmail.com','John','Evans',1);
insert into corpclient values('AmandaFintz@gmail.com','Amanda','Fintz',3);
insert into corpclient values('GarthFitzgerald@gmail.com','Garth','Fitzgerald',4);
insert into corpclient values('ArtsFranklin@gmail.com','Arts','Franklin',2);
insert into corpclient values('MisterFreeze@gmail.com','Mister','Freeze',1);
insert into corpclient values('SungFugong@gmail.com','Sung','Fugong',1);
insert into corpclient values('GuyGetdown@gmail.com','Guy','Getdown',3);
insert into corpclient values('PassGo@gmail.com','Pass','Go',2);
insert into corpclient values('JoshGreen@gmail.com','Josh','Green',4);
insert into corpclient values('RickGrimes@gmail.com','Rick','Grimes',4);
insert into corpclient values('JamesHujjiba@gmail.com','James','Hujjiba',3);
insert into corpclient values('MichaelJones@gmail.com','Michael','Jones',4);
insert into corpclient values('JessicaJacket@gmail.com','Jessica','Jacket',2);
insert into corpclient values('JoanJacobs@gmail.com','Joan','Jacobs',1);
insert into corpclient values('JimmyJam@gmail.com','Jimmy','Jam',1);
insert into corpclient values('JamieJamieson@gmail.com','Jamie','Jamieson',3);
insert into corpclient values('SallyJane@gmail.com','Sally','Jane',4);
insert into corpclient values('TomJane@gmail.com','Tom','Jane',3);
insert into corpclient values('DerekJeter@gmail.com','Derek','Jeter',1);
insert into corpclient values('OvittJoanne@gmail.com','Ovitt','Joanne',1);
insert into corpclient values('JasonJohn@gmail.com','Jason','John',2);
insert into corpclient values('JakeJohnson@gmail.com','Jake','Johnson',1);
insert into corpclient values('ChrisJones@gmail.com','Chris','Jones',1);
insert into corpclient values('DavidJones@gmail.com','David','Jones',1);
insert into corpclient values('BruceJones@gmail.com','Bruce','Jones',3);
insert into corpclient values('ClarkKent@gmail.com','Clark','Kent',3);
insert into corpclient values('RoadKill@gmail.com','Road','Kill',2);
insert into corpclient values('KatKillinger@gmail.com','Kat','Killinger',3);
insert into corpclient values('AnthonyLarosa@gmail.com','Anthony','Larosa',1);
insert into corpclient values('JoeyLaskowski@gmail.com','Joey','Laskowski',1);
insert into corpclient values('MacLeMore@gmail.com','Mac','LeMore',2);
insert into corpclient values('AbeLincoln@gmail.com','Abe','Lincoln',3);
insert into corpclient values('JonathanLobe@gmail.com','Jonathan','Lobe',4);
insert into corpclient values('OscarMadison@gmail.com','Oscar','Madison',1);
insert into corpclient values('MegaMan@gmail.com','Mega','Man',4);
insert into corpclient values('John D.Manchester@gmail.com','John D.','Manchester',4);
insert into corpclient values('BarbaraMartin@gmail.com','Barbara','Martin',1);
insert into corpclient values('DudeMcBro@gmail.com','Dude','McBro',3);
insert into corpclient values('FakeyMcPhoney@gmail.com','Fakey','McPhoney',1);
insert into corpclient values('BoMessier@gmail.com','Bo','Messier',2);
insert into corpclient values('JohnMongler@gmail.com','John','Mongler',2);
insert into corpclient values('MickeyMouse@gmail.com','Mickey','Mouse',4);
insert into corpclient values('DagNabbit@gmail.com','Dag','Nabbit',3);
insert into corpclient values('YourName@gmail.com','Your','Name',2);
insert into corpclient values('MichelleObama@gmail.com','Michelle','Obama',2);
insert into corpclient values('BrianParker@gmail.com','Brian','Parker',3);
insert into corpclient values('PeterParker@gmail.com','Peter','Parker',4);
insert into corpclient values('WallacePenguin@gmail.com','Wallace','Penguin',3);
insert into corpclient values('WilliamPenn@gmail.com','William','Penn',3);
insert into corpclient values('PeterPeterson@gmail.com','Peter','Peterson',2);
insert into corpclient values('HenryQuinn@gmail.com','Henry','Quinn',3);
insert into corpclient values('HomerReynolds@gmail.com','Homer','Reynolds',2);
insert into corpclient values('WilliamReynolds@gmail.com','William','Reynolds',4);
insert into corpclient values('SpongeRobert@gmail.com','Sponge','Robert',4);
insert into corpclient values('JohnnyRocket@gmail.com','Johnny','Rocket',3);
insert into corpclient values('OvittSamantha@gmail.com','Ovitt','Samantha',1);
insert into corpclient values('JaneSame@gmail.com','Jane','Same',2);
insert into corpclient values('WillSamuel@gmail.com','Will','Samuel',4);
insert into corpclient values('SteveScuba@gmail.com','Steve','Scuba',3);
insert into corpclient values('JeffSeid@gmail.com','Jeff','Seid',3);
insert into corpclient values('AzizShavershain@gmail.com','Aziz','Shavershain',2);
insert into corpclient values('LukeSkywalker@gmail.com','Luke','Skywalker',3);
insert into corpclient values('WendySmith@gmail.com','Wendy','Smith',2);
insert into corpclient values('JohnSmith@gmail.com','John','Smith',1);
insert into corpclient values('TomSmythe@gmail.com','Tom','Smythe',3);
insert into corpclient values('LilySnyder@gmail.com','Lily','Snyder',1);
insert into corpclient values('TonyStark@gmail.com','Tony','Stark',3);
insert into corpclient values('JuanSucro@gmail.com','Juan','Sucro',3);
insert into corpclient values('TialaSumardar@gmail.com','Tiala','Sumardar',3);
insert into corpclient values('TitoSummers@gmail.com','Tito','Summers',1);
insert into corpclient values('FrankTank@gmail.com','Frank','Tank',2);
insert into corpclient values('RichardTeabeau@gmail.com','Richard','Teabeau',3);
insert into corpclient values('NikolaTesla@gmail.com','Nikola','Tesla',3);
insert into corpclient values('MargaretThatcher@gmail.com','Margaret','Thatcher',3);
insert into corpclient values('SampsonThomas@gmail.com','Sampson','Thomas',2);
insert into corpclient values('SmithTimothy@gmail.com','Smith','Timothy',1);
insert into corpclient values('KennedyTran@gmail.com','Kennedy','Tran',1);
insert into corpclient values('OnetwoTwoone@gmail.com','Onetwo','Twoone',2);
insert into corpclient values('BillyVale@gmail.com','Billy','Vale',4);
insert into corpclient values('NullyValue@gmail.com','Nully','Value',4);
insert into corpclient values('MarkWahlberg@gmail.com','Mark','Wahlberg',4);
insert into corpclient values('HeirichWanger@gmail.com','Heirich','Wanger',1);
insert into corpclient values('BruceWayne@gmail.com','Bruce','Wayne',1);
insert into corpclient values('PeterWhite@gmail.com','Peter','White',3);
insert into corpclient values('BarryWhite@gmail.com','Barry','White',2);
insert into corpclient values('WonderWoman@gmail.com','Wonder','Woman',2);
insert into corpclient values('WilliamWonka@gmail.com','William','Wonka',4);

insert into address values('KateAbbott@gmail.com','110 Main Street','Winooski','VT','05450');
insert into address values('KileAggot@gmail.com','10 South Evan Road','Manchester','NH','02334');
insert into address values('SebastianAlias@gmail.com','25 North Avenue','Rome','NY','03101');
insert into address values('CaisseAnna@gmail.com','9875 East West Street','Providence','RI','04424');
insert into address values('ZenAntonitii@gmail.com','23 Los Alomos Road','Bangor','ME','08888');
insert into address values('JoanArc@gmail.com','99 Brilliant Road','Montpelier','VT','11100');
insert into address values('JenniferAtrast@gmail.com','14 Highpoint Avenue','Albany','NY','05494');
insert into address values('MarcBartalone@gmail.com','89-48 East 72nd Street','New York City','NY','05403');
insert into address values('SteveBates@gmail.com','100 Unknown Drive','Lesserknown','NH','21350');
insert into address values('JordanBerkowitz@gmail.com','987 Forward Avenue','Augusta','ME','11550');
insert into address values('Taylor C.Bigam@gmail.com','12 Lane Road','Colchester','VT','45650');
insert into address values('BigBird@gmail.com','17 Fordham Place','Hempstead','NY','01535');
insert into address values('RobBob@gmail.com','10 East willard street','Burlington','VT','04566');
insert into address values('JamesBoiben@gmail.com','23 South Winner Road','Enosburg Falls','VT','89562');
insert into address values('HubertBowtie@gmail.com','16 South Union Road','Halifax','MA','98960');
insert into address values('JohnBrown@gmail.com','8 North Genius Road','Plymouth','MA','78523');
insert into address values('EasterBunny@gmail.com','88 North Ovitt Road','Lisbon','NH','60061');
insert into address values('FrankCanovatchel@gmail.com','23 Pants Rd','Boston','MA','05404');
insert into address values('FritzBarker@gmail.com','21 Year Old Drive','WhereDoomed','NJ','06704');
insert into address values('SantaClause@gmail.com','666 Rocky Rd','DownUnder','HI','78213');
insert into address values('SantaClaws@gmail.com','23 Whats My Age Again Rd','Johnson','VT','10705');
insert into address values('LukeColletti@gmail.com','509 Woods Hollow Road','Westford','VT','03784');
insert into address values('AlmaConway@gmail.com','12 Galaxy Faraway','Outerspace','NY','06453');
insert into address values('AgentCoulson@gmail.com','1 Middle Road','South Burlington','VT','13440');
insert into address values('BobCross@gmail.com','1 Trump Plaza','New York','NY','05832');
insert into address values('MarieCurrie@gmail.com','19083 Park Place','Monopoly','AK','68440');
insert into address values('FlowerDaisy@gmail.com','22 Fish Lane','Atlanta','GA','05401');
insert into address values('JackDaniels@gmail.com','1964 Disney Road','Orlando','FL','05404');
insert into address values('BrianneDeVincent@gmail.com','60 Hall Road','East City','CT','05040');
insert into address values('JohnDoe@gmail.com','47 Known Ave','West Land','AK','44206');
insert into address values('FosterDood@gmail.com','12 Ride Road','Hemmingsburg','UK','05401');
insert into address values('DudleeDudders@gmail.com','1 Candy Lane','Sugar','WY','10118');
insert into address values('DumberDumb@gmail.com','38 South Main Street','North Brookfield','MA','04424');
insert into address values('AlbertEinstein@gmail.com','1 Pond Lane','Charlton','MA','08888');
insert into address values('BethuneEmily@gmail.com','146 East Northeast Avenue','Topeka','KS','11100');
insert into address values('OlivaresEric@gmail.com','987 Windy Drive','Santa Monica','CA','05494');
insert into address values('JohnEvans@gmail.com','4592 Drive Way','Orlando','FL','01535');
insert into address values('AmandaFintz@gmail.com','182 Brook Hill Lane','Vernon Hills','IL','04566');
insert into address values('GarthFitzgerald@gmail.com','103 Southern Street','Winooski','VT','89562');
insert into address values('ArtsFranklin@gmail.com','102 Cushman Street','Waterbury','CT','98960');
insert into address values('MisterFreeze@gmail.com','120 Vista Street','San Antonio','TX','78523');
insert into address values('SungFugong@gmail.com','186 Devoe Avenue','Yonkers','NY','60061');
insert into address values('GuyGetdown@gmail.com','303 South Street','Multivast','TX','05404');
insert into address values('PassGo@gmail.com','312 North James Road','Alabaster','CT','06704');
insert into address values('JoshGreen@gmail.com','568 East Varsity Street','Albany','NY','78213');
insert into address values('RickGrimes@gmail.com','10284 West Advantage Avenue','Northport','CA','10705');
insert into address values('JamesHujjiba@gmail.com','745 Falcon Way Road','Portland','WA','05450');
insert into address values('MichaelJones@gmail.com','3392 US Route 5','Westminster','VT','02334');
insert into address values('JessicaJacket@gmail.com','22 Cortland Place','Oxford','CT','03101');
insert into address values('JoanJacobs@gmail.com','1 College Avenue','Factoryville','PA','05403');
insert into address values('JimmyJam@gmail.com','1 Tesla Street','East Shoreham','NY','21350');
insert into address values('JamieJamieson@gmail.com','1531 Western Avenue','Seattle','WA','11550');
insert into address values('SallyJane@gmail.com','450 College Street','Burlington','VT','45650');
insert into address values('TomJane@gmail.com','14 South Pole Dr','North Pole','ND','05401');
insert into address values('DerekJeter@gmail.com','89 Dogwood Dr','Townshend','VT','05404');
insert into address values('OvittJoanne@gmail.com','69 Groovy Way','Funky Town','CA','05040');
insert into address values('JasonJohn@gmail.com','65 South Union','Burlington','VT','44206');
insert into address values('JakeJohnson@gmail.com','25 South Road','Middletown','VA','05401');
insert into address values('ChrisJones@gmail.com','156 Fall Drive','Freewell','WA','10118');
insert into address values('DavidJones@gmail.com','258 Chanler Street','Arrow','NY','03784');
insert into address values('BruceJones@gmail.com','50 Rose Drive','Hartford','CT','13440');
insert into address values('ClarkKent@gmail.com','7888 Fort Drive','Worthfield','VA','05832');
insert into address values('RoadKill@gmail.com','23 Pants Rd','Boston','MA','68440');
insert into address values('KatKillinger@gmail.com','21 Year Old Drive','WhereDoomed','NJ','08888');
insert into address values('AnthonyLarosa@gmail.com','666 Rocky Rd','DownUnder','HI','11100');
insert into address values('JoeyLaskowski@gmail.com','1 Presidents Lane','Mount Vernon','VA','56897');
insert into address values('MacLeMore@gmail.com','509 Woods Hollow Road','Westford','VT','05494');
insert into address values('AbeLincoln@gmail.com','1 Wayne Manor Road','Gotham City','NY','10118');
insert into address values('JonathanLobe@gmail.com','75 SpiderMan Lane','Anothercity','CT','78459');
insert into address values('OscarMadison@gmail.com','987 Super Man Street','Augusta','ME','04330');
insert into address values('MegaMan@gmail.com','1 Stark Towers','New York City','NY','10118');
insert into address values('John D.Manchester@gmail.com','6 Feet Under','Nowhere','NY','11550');
insert into address values('BarbaraMartin@gmail.com','12 Clean Street','Madison','NY','12050');
insert into address values('DudeMcBro@gmail.com','9 Turcotte Street','Attleboro','MA','02703');
insert into address values('FakeyMcPhoney@gmail.com','29 Beagle Club Road','Attleboro','MA','02703');
insert into address values('BoMessier@gmail.com','13 Greenfield Street','Attleboro','MA','02703');
insert into address values('JohnMongler@gmail.com','2954 Pullen Ave','Fall River','MA','02720');
insert into address values('MickeyMouse@gmail.com','56 Llama Road','Bangor','ME','04401');
insert into address values('DagNabbit@gmail.com','46 Somewhere St.','Bobsled','AZ','78956');
insert into address values('YourName@gmail.com','7 Goneware Dr.','Acktid','MA','58792');
insert into address values('MichelleObama@gmail.com','18 Zelwa Place','Yelon','TX','22356');
insert into address values('BrianParker@gmail.com','2 Beltham Boulevard','Taigrex','CA','33659');
insert into address values('PeterParker@gmail.com','37 Faylon Dr.','Einsworth','AK','11550');
insert into address values('WallacePenguin@gmail.com','38 South Main Street','North Brookfield','MA','01535');
insert into address values('WilliamPenn@gmail.com','1 Pond Lane','Charlton','MA','04566');
insert into address values('PeterPeterson@gmail.com','146 East Northeast Avenue','Topeka','KS','89562');
insert into address values('HenryQuinn@gmail.com','987 Windy Drive','Santa Monica','CA','98960');
insert into address values('HomerReynolds@gmail.com','4592 Drive Way','Orlando','FL','78523');
insert into address values('WilliamReynolds@gmail.com','182 Brook Hill Lane','Vernon Hills','IL','60061');
insert into address values('SpongeRobert@gmail.com','103 Southern Street','Winooski','VT','05404');
insert into address values('JohnnyRocket@gmail.com','102 Cushman Street','Waterbury','CT','06704');
insert into address values('OvittSamantha@gmail.com','120 Vista Street','San Antonio','TX','78213');
insert into address values('JaneSame@gmail.com','186 Devoe Avenue','Yonkers','NY','10705');
insert into address values('WillSamuel@gmail.com','7 South Evan Road','Dover','NH','03820');
insert into address values('SteveScuba@gmail.com','5 Linda Avenue','Portsmouth','NH','03801');
insert into address values('JeffSeid@gmail.com','246 Soper Point Road','Old Forge','NY','13420');
insert into address values('AzizShavershain@gmail.com','32 Cranbrooke Drive','Rochester','NY','13620');
insert into address values('LukeSkywalker@gmail.com','1 Risky Business Avenue','Here','VT','05489');
insert into address values('WendySmith@gmail.com','2938 River Rd.','Schennectady','NY','13264');
insert into address values('JohnSmith@gmail.com','10 East willard street','Burlington','VT','05401');
insert into address values('TomSmythe@gmail.com','23 South Winner Road','Enosburg Falls','VT','05450');
insert into address values('LilySnyder@gmail.com','16 South Union Road','Halifax','MA','02338');
insert into address values('TonyStark@gmail.com','8 North Genius Road','Plymouth','MA','02334');
insert into address values('JuanSucro@gmail.com','88 North Ovitt Road','Lisbon','NH','03101');
insert into address values('TialaSumardar@gmail.com','123 Fake St.','Faketown','VT','05101');
insert into address values('TitoSummers@gmail.com','25 Winooski Falls Way','Winooski','VT','05404');
insert into address values('FrankTank@gmail.com','326 Quarry Hill Dr.','S. Burlington','VT','05404');
insert into address values('RichardTeabeau@gmail.com','404 Notfound St.','Nowhere','VT','05404');
insert into address values('NikolaTesla@gmail.com','1 mySt.','myTown','VT','05897');
insert into address values('MargaretThatcher@gmail.com','111 Main Street','Winooski','VT','05404');
insert into address values('SampsonThomas@gmail.com','11 South Evan Road','Manchester','NH','03101');
insert into address values('SmithTimothy@gmail.com','26 North Avenue','Rome','NY','13440');
insert into address values('KennedyTran@gmail.com','985 East West Street','Providence','RI','02901');
insert into address values('OnetwoTwoone@gmail.com','265743214 Los Alomos Road','Bangor','ME','04401');
insert into address values('BillyVale@gmail.com','42 Main Street','Worcester','MA','01601');
insert into address values('NullyValue@gmail.com','1 Buck Street','Durham','NH','03824');
insert into address values('MarkWahlberg@gmail.com','30 Hayward Steet','Burlington','VT','05401');
insert into address values('HeirichWanger@gmail.com','5 Cambell Court','Dover','NH','03820');
insert into address values('BruceWayne@gmail.com','32 Post Road','Bangor','ME','04401');
insert into address values('PeterWhite@gmail.com','64 Road Rage Lane','Wikita','VT','05859');
insert into address values('BarryWhite@gmail.com','999 NinteyNineNine','Williamstown','VT','05205');
insert into address values('WonderWoman@gmail.com','111 Overview Terrace','Hinesberg','VT','05952');
insert into address values('WilliamWonka@gmail.com','40 Winter Drive','Hineburg','VT','05505');

insert into clientsoftware values('KateAbbott@gmail.com',5);
insert into clientsoftware values('KileAggot@gmail.com',6);
insert into clientsoftware values('SebastianAlias@gmail.com',7);
insert into clientsoftware values('CaisseAnna@gmail.com',5);
insert into clientsoftware values('ZenAntonitii@gmail.com',6);
insert into clientsoftware values('JoanArc@gmail.com',7);
insert into clientsoftware values('JenniferAtrast@gmail.com',5);
insert into clientsoftware values('MarcBartalone@gmail.com',5);
insert into clientsoftware values('SteveBates@gmail.com',5);
insert into clientsoftware values('JordanBerkowitz@gmail.com',5);
insert into clientsoftware values('Taylor C.Bigam@gmail.com',5);
insert into clientsoftware values('BigBird@gmail.com',6);
insert into clientsoftware values('RobBob@gmail.com',6);
insert into clientsoftware values('JamesBoiben@gmail.com',6);
insert into clientsoftware values('HubertBowtie@gmail.com',6);
insert into clientsoftware values('JohnBrown@gmail.com',5);
insert into clientsoftware values('EasterBunny@gmail.com',5);
insert into clientsoftware values('FrankCanovatchel@gmail.com',5);
insert into clientsoftware values('JesusChrist@gmail.com',5);
insert into clientsoftware values('SantaClause@gmail.com',7);
insert into clientsoftware values('SantaClaws@gmail.com',5);
insert into clientsoftware values('LukeColletti@gmail.com',5);
insert into clientsoftware values('AlmaConway@gmail.com',6);
insert into clientsoftware values('AgentCoulson@gmail.com',5);
insert into clientsoftware values('BobCross@gmail.com',6);
insert into clientsoftware values('MarieCurrie@gmail.com',7);
insert into clientsoftware values('FlowerDaisy@gmail.com',5);
insert into clientsoftware values('JackDaniels@gmail.com',6);
insert into clientsoftware values('BrianneDeVincent@gmail.com',7);
insert into clientsoftware values('JohnDoe@gmail.com',5);
insert into clientsoftware values('FosterDood@gmail.com',6);
insert into clientsoftware values('DudleeDudders@gmail.com',5);
insert into clientsoftware values('DumberDumb@gmail.com',6);
insert into clientsoftware values('AlbertEinstein@gmail.com',6);
insert into clientsoftware values('BethuneEmily@gmail.com',5);
insert into clientsoftware values('OlivaresEric@gmail.com',6);
insert into clientsoftware values('JohnEvans@gmail.com',5);
insert into clientsoftware values('AmandaFintz@gmail.com',5);
insert into clientsoftware values('GarthFitzgerald@gmail.com',5);
insert into clientsoftware values('ArtsFranklin@gmail.com',6);
insert into clientsoftware values('MisterFreeze@gmail.com',6);
insert into clientsoftware values('SungFugong@gmail.com',6);
insert into clientsoftware values('GuyGetdown@gmail.com',6);
insert into clientsoftware values('PassGo@gmail.com',6);
insert into clientsoftware values('JoshGreen@gmail.com',6);
insert into clientsoftware values('RickGrimes@gmail.com',6);
insert into clientsoftware values('JamesHujjiba@gmail.com',6);
insert into clientsoftware values('MichaelJones@gmail.com',6);
insert into clientsoftware values('JessicaJacket@gmail.com',6);
insert into clientsoftware values('JoanJacobs@gmail.com',5);
insert into clientsoftware values('JimmyJam@gmail.com',5);
insert into clientsoftware values('JamieJamieson@gmail.com',5);
insert into clientsoftware values('SallyJane@gmail.com',5);
insert into clientsoftware values('TomJane@gmail.com',5);
insert into clientsoftware values('SallyJane@gmail.com',6);
insert into clientsoftware values('DerekJeter@gmail.com',5);
insert into clientsoftware values('OvittJoanne@gmail.com',4);
insert into clientsoftware values('JasonJohn@gmail.com',7);
insert into clientsoftware values('JakeJohnson@gmail.com',4);
insert into clientsoftware values('ChrisJones@gmail.com',7);
insert into clientsoftware values('DavidJones@gmail.com',7);
insert into clientsoftware values('BruceJones@gmail.com',7);
insert into clientsoftware values('ClarkKent@gmail.com',7);
insert into clientsoftware values('RoadKill@gmail.com',7);
insert into clientsoftware values('KatKillinger@gmail.com',7);
insert into clientsoftware values('AnthonyLarosa@gmail.com',7);
insert into clientsoftware values('JoeyLaskowski@gmail.com',5);
insert into clientsoftware values('MacLeMore@gmail.com',5);
insert into clientsoftware values('AbeLincoln@gmail.com',5);
insert into clientsoftware values('JonathanLobe@gmail.com',5);
insert into clientsoftware values('OscarMadison@gmail.com',5);
insert into clientsoftware values('MegaMan@gmail.com',5);
insert into clientsoftware values('John D.Manchester@gmail.com',5);
insert into clientsoftware values('BarbaraMartin@gmail.com',5);
insert into clientsoftware values('DudeMcBro@gmail.com',5);
insert into clientsoftware values('FakeyMcPhoney@gmail.com',5);
insert into clientsoftware values('BoMessier@gmail.com',5);
insert into clientsoftware values('JohnMongler@gmail.com',5);
insert into clientsoftware values('MickeyMouse@gmail.com',5);
insert into clientsoftware values('DagNabbit@gmail.com',5);
insert into clientsoftware values('YourName@gmail.com',5);
insert into clientsoftware values('MichelleObama@gmail.com',5);
insert into clientsoftware values('BrianParker@gmail.com',6);
insert into clientsoftware values('PeterParker@gmail.com',6);
insert into clientsoftware values('WallacePenguin@gmail.com',6);
insert into clientsoftware values('WilliamPenn@gmail.com',6);
insert into clientsoftware values('PeterPeterson@gmail.com',6);
insert into clientsoftware values('HenryQuinn@gmail.com',6);
insert into clientsoftware values('HomerReynolds@gmail.com',6);
insert into clientsoftware values('WilliamReynolds@gmail.com',5);
insert into clientsoftware values('SpongeRobert@gmail.com',5);
insert into clientsoftware values('JohnnyRocket@gmail.com',5);
insert into clientsoftware values('OvittSamantha@gmail.com',5);
insert into clientsoftware values('JaneSame@gmail.com',6);
insert into clientsoftware values('WillSamuel@gmail.com',6);
insert into clientsoftware values('SteveScuba@gmail.com',6);
insert into clientsoftware values('JeffSeid@gmail.com',6);
insert into clientsoftware values('AzizShavershain@gmail.com',6);
insert into clientsoftware values('LukeSkywalker@gmail.com',5);
insert into clientsoftware values('WendySmith@gmail.com',5);
insert into clientsoftware values('JohnSmith@gmail.com',6);
insert into clientsoftware values('TomSmythe@gmail.com',6);
insert into clientsoftware values('LilySnyder@gmail.com',5);
insert into clientsoftware values('TonyStark@gmail.com',6);
insert into clientsoftware values('JuanSucro@gmail.com',5);
insert into clientsoftware values('TialaSumardar@gmail.com',6);
insert into clientsoftware values('TitoSummers@gmail.com',5);
insert into clientsoftware values('FrankTank@gmail.com',6);
insert into clientsoftware values('RichardTeabeau@gmail.com',5);
insert into clientsoftware values('NikolaTesla@gmail.com',6);
insert into clientsoftware values('MargaretThatcher@gmail.com',5);
insert into clientsoftware values('SampsonThomas@gmail.com',6);
insert into clientsoftware values('SmithTimothy@gmail.com',5);
insert into clientsoftware values('KennedyTran@gmail.com',6);
insert into clientsoftware values('OnetwoTwoone@gmail.com',7);
insert into clientsoftware values('BillyVale@gmail.com',7);
insert into clientsoftware values('NullyValue@gmail.com',7);
insert into clientsoftware values('MarkWahlberg@gmail.com',5);
insert into clientsoftware values('HeirichWanger@gmail.com',6);
insert into clientsoftware values('BruceWayne@gmail.com',5);
insert into clientsoftware values('PeterWhite@gmail.com',7);
insert into clientsoftware values('BarryWhite@gmail.com',5);
insert into clientsoftware values('WonderWoman@gmail.com',6);
insert into clientsoftware values('WilliamWonka@gmail.com',5);
insert into clientsoftware values('KateAbbott@gmail.com',1);
insert into clientsoftware values('KileAggot@gmail.com',1);
insert into clientsoftware values('SebastianAlias@gmail.com',1);
insert into clientsoftware values('CaisseAnna@gmail.com',1);
insert into clientsoftware values('ZenAntonitii@gmail.com',1);
insert into clientsoftware values('JoanArc@gmail.com',4);
insert into clientsoftware values('JenniferAtrast@gmail.com',4);
insert into clientsoftware values('MarcBartalone@gmail.com',4);
insert into clientsoftware values('SteveBates@gmail.com',1);
insert into clientsoftware values('JordanBerkowitz@gmail.com',1);
insert into clientsoftware values('Taylor C.Bigam@gmail.com',1);
insert into clientsoftware values('BigBird@gmail.com',1);
insert into clientsoftware values('RobBob@gmail.com',4);
insert into clientsoftware values('JamesBoiben@gmail.com',4);
insert into clientsoftware values('HubertBowtie@gmail.com',1);
insert into clientsoftware values('JohnBrown@gmail.com',1);
insert into clientsoftware values('EasterBunny@gmail.com',1);
insert into clientsoftware values('FrankCanovatchel@gmail.com',1);
insert into clientsoftware values('JesusChrist@gmail.com',1);
insert into clientsoftware values('SantaClause@gmail.com',2);
insert into clientsoftware values('SantaClaws@gmail.com',3);
insert into clientsoftware values('LukeColletti@gmail.com',1);
insert into clientsoftware values('AlmaConway@gmail.com',1);
insert into clientsoftware values('AgentCoulson@gmail.com',1);
insert into clientsoftware values('BobCross@gmail.com',4);
insert into clientsoftware values('MarieCurrie@gmail.com',4);
insert into clientsoftware values('FlowerDaisy@gmail.com',1);
insert into clientsoftware values('JackDaniels@gmail.com',1);
insert into clientsoftware values('BrianneDeVincent@gmail.com',1);
insert into clientsoftware values('JohnDoe@gmail.com',1);
insert into clientsoftware values('FosterDood@gmail.com',1);
insert into clientsoftware values('DudleeDudders@gmail.com',1);
insert into clientsoftware values('DumberDumb@gmail.com',1);
insert into clientsoftware values('AlbertEinstein@gmail.com',1);
insert into clientsoftware values('BethuneEmily@gmail.com',1);
insert into clientsoftware values('OlivaresEric@gmail.com',4);
insert into clientsoftware values('JohnEvans@gmail.com',4);
insert into clientsoftware values('AmandaFintz@gmail.com',4);
insert into clientsoftware values('GarthFitzgerald@gmail.com',1);
insert into clientsoftware values('ArtsFranklin@gmail.com',1);
insert into clientsoftware values('MisterFreeze@gmail.com',1);
insert into clientsoftware values('SungFugong@gmail.com',1);
insert into clientsoftware values('GuyGetdown@gmail.com',4);
insert into clientsoftware values('PassGo@gmail.com',4);
insert into clientsoftware values('JoshGreen@gmail.com',1);
insert into clientsoftware values('RickGrimes@gmail.com',1);
insert into clientsoftware values('JamesHujjiba@gmail.com',1);
insert into clientsoftware values('MichaelJones@gmail.com',1);
insert into clientsoftware values('JessicaJacket@gmail.com',1);
insert into clientsoftware values('JoanJacobs@gmail.com',2);
insert into clientsoftware values('JimmyJam@gmail.com',3);
insert into clientsoftware values('JamieJamieson@gmail.com',1);
insert into clientsoftware values('SallyJane@gmail.com',1);
insert into clientsoftware values('TomJane@gmail.com',1);
insert into clientsoftware values('SallyJane@gmail.com',4);
insert into clientsoftware values('DerekJeter@gmail.com',4);
insert into clientsoftware values('OvittJoanne@gmail.com',1);
insert into clientsoftware values('JasonJohn@gmail.com',1);
insert into clientsoftware values('JakeJohnson@gmail.com',1);
insert into clientsoftware values('ChrisJones@gmail.com',1);
insert into clientsoftware values('DavidJones@gmail.com',1);
insert into clientsoftware values('BruceJones@gmail.com',1);
insert into clientsoftware values('ClarkKent@gmail.com',1);
insert into clientsoftware values('RoadKill@gmail.com',1);
insert into clientsoftware values('KatKillinger@gmail.com',1);
insert into clientsoftware values('AnthonyLarosa@gmail.com',4);
insert into clientsoftware values('JoeyLaskowski@gmail.com',4);
insert into clientsoftware values('MacLeMore@gmail.com',4);
insert into clientsoftware values('AbeLincoln@gmail.com',1);
insert into clientsoftware values('JonathanLobe@gmail.com',1);
insert into clientsoftware values('OscarMadison@gmail.com',1);
insert into clientsoftware values('MegaMan@gmail.com',1);
insert into clientsoftware values('John D.Manchester@gmail.com',4);
insert into clientsoftware values('BarbaraMartin@gmail.com',4);
insert into clientsoftware values('DudeMcBro@gmail.com',1);
insert into clientsoftware values('FakeyMcPhoney@gmail.com',1);
insert into clientsoftware values('BoMessier@gmail.com',1);
insert into clientsoftware values('JohnMongler@gmail.com',1);
insert into clientsoftware values('MickeyMouse@gmail.com',1);
insert into clientsoftware values('DagNabbit@gmail.com',2);
insert into clientsoftware values('YourName@gmail.com',3);
insert into clientsoftware values('MichelleObama@gmail.com',1);
insert into clientsoftware values('BrianParker@gmail.com',1);
insert into clientsoftware values('PeterParker@gmail.com',1);
insert into clientsoftware values('WallacePenguin@gmail.com',4);
insert into clientsoftware values('WilliamPenn@gmail.com',4);
insert into clientsoftware values('PeterPeterson@gmail.com',1);
insert into clientsoftware values('HenryQuinn@gmail.com',1);
insert into clientsoftware values('HomerReynolds@gmail.com',1);
insert into clientsoftware values('WilliamReynolds@gmail.com',1);
insert into clientsoftware values('SpongeRobert@gmail.com',1);
insert into clientsoftware values('JohnnyRocket@gmail.com',1);
insert into clientsoftware values('OvittSamantha@gmail.com',1);
insert into clientsoftware values('JaneSame@gmail.com',1);
insert into clientsoftware values('WillSamuel@gmail.com',1);
insert into clientsoftware values('SteveScuba@gmail.com',4);
insert into clientsoftware values('JeffSeid@gmail.com',4);
insert into clientsoftware values('AzizShavershain@gmail.com',4);
insert into clientsoftware values('LukeSkywalker@gmail.com',1);
insert into clientsoftware values('WendySmith@gmail.com',1);
insert into clientsoftware values('JohnSmith@gmail.com',1);
insert into clientsoftware values('TomSmythe@gmail.com',1);
insert into clientsoftware values('LilySnyder@gmail.com',4);
insert into clientsoftware values('TonyStark@gmail.com',4);
insert into clientsoftware values('JuanSucro@gmail.com',1);
insert into clientsoftware values('TialaSumardar@gmail.com',1);
insert into clientsoftware values('TitoSummers@gmail.com',1);
insert into clientsoftware values('FrankTank@gmail.com',1);
insert into clientsoftware values('RichardTeabeau@gmail.com',1);
insert into clientsoftware values('NikolaTesla@gmail.com',2);
insert into clientsoftware values('MargaretThatcher@gmail.com',3);
insert into clientsoftware values('SampsonThomas@gmail.com',1);
insert into clientsoftware values('SmithTimothy@gmail.com',1);
insert into clientsoftware values('KennedyTran@gmail.com',1);
insert into clientsoftware values('OnetwoTwoone@gmail.com',4);
insert into clientsoftware values('BillyVale@gmail.com',4);
insert into clientsoftware values('NullyValue@gmail.com',1);
insert into clientsoftware values('MarkWahlberg@gmail.com',1);
insert into clientsoftware values('HeirichWanger@gmail.com',1);
insert into clientsoftware values('BruceWayne@gmail.com',1);
insert into clientsoftware values('PeterWhite@gmail.com',1);
insert into clientsoftware values('BarryWhite@gmail.com',2);
insert into clientsoftware values('WonderWoman@gmail.com',3);
insert into clientsoftware values('WilliamWonka@gmail.com',4);
